M.type.x,M.type.y,N.type.x,N.type.y,hybrid.x,hybrid.y,MM.x,MM.y,NN.x,NN.y
0,0,0,0,0,0,0,500,0,100
1,0,1,0,1,1,1,499,1,98
2,0,2,0,2,1,2,499,2,99
3,0,3,0,3,1,3,503,3,100
4,0,4,0,4,1,4,503,4,101
5,0,5,0,5,1,5,502,5,101
6,0,6,0,6,1,6,500,6,99
7,0,7,0,7,1,7,498,7,98
8,0,8,0,8,1,8,498,8,98
9,0,9,0,9,1,9,495,9,97
10,0,10,0,10,1,10,496,10,95
11,0,11,0,11,1,11,498,11,96
12,0,12,0,12,1,12,493,12,94
13,0,13,0,13,1,13,499,13,95
14,0,14,0,14,1,14,500,14,95
15,0,15,0,15,1,15,501,15,94
16,0,16,0,16,1,16,504,16,92
17,0,17,0,17,1,17,502,17,92
18,0,18,0,18,1,18,500,18,93
19,0,19,0,19,1,19,501,19,94
20,0,20,0,20,1,20,499,20,94
21,0,21,0,21,1,21,497,21,92
22,0,22,0,22,1,22,495,22,92
23,0,23,0,23,1,23,494,23,94
24,0,24,0,24,2,24,494,24,91
25,0,25,0,25,3,25,492,25,90
26,0,26,0,26,3,26,494,26,90
27,0,27,0,27,3,27,495,27,86
28,0,28,1,28,3,28,493,28,89
29,0,29,1,29,3,29,499,29,87
30,0,30,1,30,3,30,496,30,88
31,0,31,1,31,3,31,498,31,88
32,0,32,1,32,3,32,495,32,89
33,0,33,1,33,3,33,495,33,89
34,0,34,1,34,3,34,498,34,89
35,0,35,1,35,3,35,499,35,89
36,0,36,1,36,3,36,499,36,88
37,0,37,1,37,3,37,495,37,90
38,0,38,1,38,3,38,494,38,90
39,0,39,1,39,3,39,490,39,91
40,0,40,1,40,3,40,488,40,92
41,0,41,1,41,5,41,486,41,91
42,0,42,1,42,5,42,488,42,90
43,0,43,2,43,5,43,488,43,89
44,0,44,2,44,5,44,488,44,89
45,0,45,2,45,5,45,489,45,89
46,0,46,2,46,6,46,490,46,90
47,0,47,2,47,6,47,491,47,91
48,0,48,2,48,6,48,490,48,91
49,0,49,2,49,6,49,489,49,91
50,0,50,2,50,6,50,489,50,91
51,1,51,2,51,6,51,489,51,90
52,1,52,2,52,6,52,491,52,90
53,1,53,1,53,6,53,492,53,90
54,1,54,1,54,6,54,488,54,88
55,1,55,1,55,6,55,487,55,87
56,1,56,1,56,6,56,488,56,87
57,1,57,0,57,6,57,488,57,87
58,1,58,0,58,6,58,493,58,88
59,1,59,0,59,6,59,493,59,88
60,1,60,0,60,7,60,490,60,89
61,2,61,0,61,8,61,489,61,89
62,2,62,1,62,8,62,490,62,89
63,2,63,1,63,8,63,487,63,89
64,2,64,1,64,8,64,492,64,90
65,2,65,1,65,8,65,491,65,90
66,2,66,1,66,8,66,494,66,91
67,2,67,1,67,8,67,494,67,90
68,2,68,1,68,8,68,488,68,89
69,2,69,2,69,8,69,486,69,89
70,2,70,2,70,8,70,487,70,88
71,2,71,2,71,8,71,485,71,90
72,2,72,2,72,8,72,482,72,90
73,2,73,2,73,8,73,482,73,89
74,2,74,2,74,8,74,480,74,90
75,2,75,2,75,8,75,477,75,88
76,2,76,1,76,8,76,483,76,91
77,2,77,1,77,8,77,481,77,91
78,2,78,1,78,8,78,482,78,91
79,2,79,1,79,8,79,486,79,92
80,2,80,1,80,9,80,484,80,93
81,2,81,1,81,9,81,488,81,92
82,2,82,1,82,9,82,486,82,92
83,2,83,1,83,9,83,488,83,93
84,2,84,1,84,9,84,486,84,93
85,2,85,1,85,9,85,489,85,92
86,2,86,1,86,9,86,491,86,92
87,3,87,1,87,9,87,490,87,92
88,4,88,1,88,8,88,494,88,93
89,4,89,1,89,8,89,498,89,93
90,5,90,1,90,9,90,498,90,91
91,5,91,1,91,9,91,503,91,91
92,5,92,1,92,9,92,503,92,92
93,5,93,1,93,9,93,504,93,91
94,5,94,1,94,9,94,504,94,90
95,6,95,1,95,8,95,503,95,90
96,6,96,1,96,8,96,503,96,88
97,6,97,1,97,8,97,504,97,88
98,6,98,1,98,8,98,500,98,88
99,6,99,1,99,8,99,496,99,87
100,6,100,1,100,9,100,497,100,87
101,6,101,1,101,9,101,496,101,87
102,6,102,1,102,9,102,496,102,87
103,6,103,1,103,9,103,498,103,86
104,6,104,1,104,9,104,499,104,86
105,6,105,1,105,10,105,499,105,86
106,6,106,1,106,11,106,498,106,85
107,6,107,1,107,12,107,497,107,86
108,6,108,1,108,12,108,495,108,86
109,6,109,1,109,12,109,495,109,86
110,6,110,0,110,13,110,493,110,85
111,6,111,0,111,13,111,494,111,85
112,6,112,0,112,13,112,491,112,84
113,7,113,0,113,13,113,492,113,85
114,7,114,0,114,13,114,491,114,86
115,7,115,0,115,13,115,492,115,85
116,7,116,0,116,13,116,492,116,84
117,7,117,0,117,13,117,494,117,85
118,7,118,0,118,13,118,497,118,85
119,7,119,0,119,13,119,498,119,85
120,7,120,0,120,13,120,499,120,85
121,7,121,0,121,13,121,504,121,85
122,7,122,0,122,12,122,507,122,86
123,7,123,0,123,12,123,507,123,86
124,7,124,0,124,12,124,501,124,85
125,7,125,0,125,12,125,498,125,84
126,8,126,0,126,12,126,497,126,84
127,8,127,0,127,12,127,497,127,85
128,9,128,0,128,12,128,495,128,83
129,9,129,0,129,12,129,497,129,83
130,10,130,0,130,12,130,499,130,83
131,10,131,0,131,13,131,498,131,83
132,10,132,0,132,13,132,498,132,84
133,10,133,0,133,13,133,501,133,84
134,10,134,0,134,13,134,501,134,84
135,10,135,0,135,13,135,499,135,84
136,9,136,0,136,13,136,497,136,84
137,9,137,0,137,13,137,495,137,85
138,9,138,0,138,14,138,494,138,84
139,9,139,1,139,14,139,499,139,82
140,9,140,1,140,14,140,500,140,82
141,10,141,1,141,14,141,500,141,83
142,11,142,1,142,14,142,500,142,83
143,11,143,1,143,14,143,502,143,83
144,11,144,1,144,15,144,503,144,85
145,13,145,1,145,15,145,504,145,85
146,15,146,2,146,15,146,502,146,85
147,16,147,2,147,15,147,500,147,85
148,16,148,2,148,16,148,502,148,86
149,16,149,2,149,16,149,506,149,86
150,17,150,2,150,17,150,502,150,86
151,18,151,2,151,17,151,501,151,86
152,19,152,2,152,17,152,494,152,85
153,19,153,2,153,18,153,495,153,85
154,19,154,2,154,19,154,499,154,86
155,19,155,2,155,19,155,503,155,86
156,19,156,2,156,19,156,504,156,86
157,19,157,2,157,20,157,507,157,85
158,19,158,2,158,19,158,510,158,84
159,19,159,2,159,18,159,514,159,84
160,20,160,2,160,18,160,516,160,84
161,20,161,2,161,18,161,515,161,84
162,21,162,2,162,18,162,512,162,85
163,21,163,2,163,18,163,513,163,86
164,22,164,2,164,19,164,514,164,87
165,22,165,2,165,19,165,514,165,87
166,24,166,2,166,20,166,515,166,86
167,26,167,2,167,20,167,517,167,86
168,26,168,2,168,19,168,518,168,84
169,26,169,2,169,18,169,518,169,84
170,25,170,2,170,18,170,518,170,85
171,25,171,2,171,18,171,515,171,84
172,25,172,2,172,19,172,511,172,84
173,26,173,2,173,19,173,511,173,83
174,26,174,2,174,19,174,511,174,82
175,27,175,2,175,19,175,510,175,81
176,27,176,2,176,18,176,508,176,79
177,28,177,2,177,19,177,506,177,78
178,28,178,2,178,19,178,507,178,78
179,28,179,2,179,19,179,508,179,74
180,28,180,2,180,19,180,509,180,73
181,29,181,2,181,19,181,507,181,72
182,29,182,2,182,19,182,505,182,72
183,30,183,2,183,19,183,506,183,71
184,30,184,2,184,19,184,508,184,71
185,30,185,2,185,19,185,508,185,70
186,30,186,3,186,19,186,509,186,70
187,31,187,2,187,19,187,507,187,69
188,32,188,2,188,20,188,509,188,69
189,32,189,2,189,20,189,508,189,68
190,32,190,2,190,20,190,507,190,68
191,32,191,2,191,20,191,507,191,67
192,32,192,2,192,21,192,507,192,67
193,32,193,2,193,21,193,506,193,67
194,34,194,2,194,22,194,503,194,69
195,34,195,2,195,22,195,502,195,70
196,33,196,2,196,22,196,501,196,71
197,33,197,2,197,22,197,501,197,72
198,34,198,2,198,22,198,502,198,72
199,34,199,2,199,21,199,507,199,72
200,35,200,2,200,20,200,509,200,71
201,37,201,2,201,21,201,504,201,71
202,37,202,3,202,20,202,504,202,71
203,38,203,3,203,19,203,502,203,71
204,38,204,3,204,19,204,502,204,71
205,38,205,3,205,19,205,500,205,70
206,40,206,3,206,19,206,498,206,70
207,40,207,3,207,19,207,500,207,71
208,41,208,3,208,19,208,500,208,71
209,41,209,3,209,19,209,496,209,71
210,41,210,3,210,20,210,494,210,72
211,41,211,3,211,20,211,496,211,71
212,41,212,3,212,20,212,494,212,71
213,41,213,3,213,20,213,496,213,71
214,41,214,3,214,21,214,496,214,71
215,42,215,3,215,23,215,494,215,71
216,42,216,3,216,23,216,495,216,71
217,41,217,3,217,23,217,495,217,71
218,44,218,3,218,23,218,492,218,71
219,44,219,3,219,24,219,491,219,71
220,46,220,3,220,24,220,490,220,70
221,47,221,3,221,23,221,490,221,70
222,47,222,3,222,23,222,491,222,70
223,47,223,3,223,23,223,490,223,69
224,48,224,3,224,24,224,490,224,69
225,48,225,3,225,25,225,490,225,69
226,47,226,3,226,26,226,492,226,68
227,49,227,3,227,27,227,492,227,68
228,49,228,3,228,27,228,492,228,68
229,49,229,3,229,27,229,495,229,68
230,49,230,3,230,27,230,492,230,68
231,49,231,3,231,27,231,489,231,68
232,50,232,3,232,29,232,489,232,69
233,50,233,3,233,29,233,491,233,70
234,51,234,3,234,29,234,493,234,69
235,53,235,3,235,30,235,495,235,68
236,54,236,3,236,32,236,498,236,69
237,55,237,3,237,31,237,497,237,68
238,55,238,2,238,32,238,494,238,68
239,58,239,2,239,31,239,495,239,68
240,57,240,2,240,31,240,493,240,68
241,58,241,2,241,32,241,495,241,69
242,59,242,2,242,31,242,495,242,69
243,61,243,2,243,31,243,495,243,69
244,61,244,4,244,32,244,493,244,69
245,63,245,4,245,33,245,495,245,68
246,63,246,4,246,33,246,497,246,68
247,64,247,4,247,34,247,496,247,67
248,66,248,4,248,35,248,497,248,69
249,68,249,5,249,35,249,496,249,69
250,68,250,5,250,36,250,499,250,69
251,67,251,5,251,37,251,498,251,70
252,69,252,5,252,37,252,495,252,70
253,70,253,5,253,38,253,494,253,70
254,74,254,5,254,38,254,498,254,69
255,74,255,5,255,39,255,498,255,69
256,77,256,5,256,39,256,495,256,69
257,76,257,5,257,39,257,493,257,69
258,80,258,5,258,41,258,493,258,69
259,81,259,4,259,41,259,491,259,69
260,82,260,4,260,40,260,488,260,69
261,80,261,4,261,40,261,489,261,69
262,82,262,4,262,39,262,490,262,69
263,85,263,4,263,40,263,491,263,70
264,82,264,5,264,40,264,494,264,69
265,85,265,5,265,40,265,495,265,70
266,84,266,5,266,40,266,498,266,71
267,83,267,5,267,39,267,496,267,71
268,84,268,5,268,40,268,495,268,71
269,86,269,5,269,42,269,496,269,71
270,85,270,5,270,42,270,497,270,71
271,83,271,5,271,42,271,497,271,70
272,83,272,5,272,42,272,496,272,70
273,83,273,5,273,40,273,495,273,69
274,83,274,6,274,39,274,497,274,68
275,85,275,6,275,40,275,495,275,68
276,86,276,6,276,40,276,497,276,67
277,88,277,6,277,40,277,497,277,67
278,90,278,6,278,40,278,498,278,65
279,92,279,6,279,40,279,497,279,66
280,93,280,6,280,40,280,497,280,66
281,94,281,6,281,39,281,496,281,66
282,96,282,6,282,40,282,495,282,66
283,97,283,6,283,40,283,495,283,66
284,98,284,6,284,40,284,496,284,67
285,98,285,6,285,39,285,496,285,67
286,99,286,6,286,42,286,494,286,65
287,102,287,6,287,42,287,494,287,65
288,105,288,6,288,42,288,495,288,66
289,104,289,6,289,43,289,498,289,64
290,104,290,6,290,42,290,497,290,64
291,106,291,6,291,42,291,499,291,63
292,107,292,6,292,42,292,499,292,67
293,110,293,6,293,43,293,498,293,67
294,110,294,6,294,44,294,500,294,67
295,111,295,6,295,44,295,496,295,68
296,111,296,6,296,44,296,498,296,68
297,111,297,7,297,45,297,496,297,68
298,110,298,7,298,46,298,496,298,68
299,107,299,7,299,46,299,493,299,67
300,107,300,7,300,46,300,490,300,67
301,107,301,7,301,47,301,486,301,68
302,108,302,6,302,48,302,486,302,66
303,109,303,6,303,49,303,488,303,65
304,109,304,6,304,49,304,485,304,65
305,112,305,6,305,49,305,480,305,64
306,114,306,7,306,49,306,480,306,64
307,115,307,7,307,49,307,480,307,64
308,116,308,7,308,50,308,480,308,65
309,119,309,7,309,51,309,476,309,64
310,119,310,7,310,51,310,481,310,64
311,119,311,7,311,54,311,477,311,63
312,119,312,7,312,54,312,476,312,63
313,120,313,7,313,55,313,475,313,63
314,121,314,7,314,55,314,476,314,62
315,122,315,6,315,55,315,479,315,62
316,123,316,6,316,55,316,483,316,62
317,122,317,7,317,56,317,480,317,61
318,124,318,8,318,56,318,480,318,61
319,125,319,8,319,56,319,478,319,61
320,126,320,8,320,57,320,477,320,61
321,128,321,8,321,58,321,475,321,60
322,131,322,8,322,58,322,472,322,60
323,132,323,8,323,58,323,471,323,60
324,131,324,8,324,59,324,473,324,60
325,130,325,8,325,59,325,470,325,59
326,131,326,8,326,59,326,469,326,59
327,130,327,8,327,59,327,468,327,59
328,130,328,8,328,59,328,466,328,59
329,129,329,8,329,59,329,464,329,58
330,129,330,8,330,59,330,466,330,58
331,131,331,8,331,60,331,467,331,58
332,133,332,8,332,58,332,470,332,58
333,135,333,8,333,59,333,470,333,56
334,133,334,8,334,60,334,468,334,55
335,133,335,8,335,60,335,466,335,55
336,132,336,8,336,60,336,466,336,55
337,132,337,8,337,60,337,466,337,54
338,133,338,9,338,61,338,461,338,54
339,133,339,10,339,61,339,460,339,54
340,135,340,10,340,62,340,460,340,54
341,136,341,10,341,63,341,457,341,54
342,137,342,10,342,64,342,454,342,55
343,138,343,11,343,66,343,455,343,55
344,138,344,11,344,66,344,456,344,54
345,139,345,11,345,64,345,457,345,54
346,139,346,11,346,66,346,457,346,53
347,141,347,11,347,67,347,454,347,52
348,140,348,12,348,67,348,454,348,52
349,141,349,13,349,67,349,452,349,52
350,140,350,13,350,66,350,452,350,51
351,139,351,14,351,66,351,450,351,52
352,142,352,14,352,66,352,448,352,52
353,141,353,14,353,66,353,450,353,52
354,142,354,14,354,66,354,449,354,51
355,144,355,15,355,66,355,451,355,50
356,145,356,15,356,66,356,450,356,50
357,146,357,16,357,67,357,450,357,50
358,146,358,16,358,66,358,451,358,50
359,144,359,17,359,66,359,448,359,50
360,145,360,17,360,65,360,447,360,49
361,146,361,17,361,65,361,447,361,49
362,146,362,18,362,65,362,446,362,49
363,145,363,18,363,65,363,448,363,48
364,144,364,19,364,65,364,446,364,48
365,142,365,18,365,64,365,443,365,48
366,141,366,18,366,64,366,439,366,49
367,142,367,18,367,64,367,436,367,49
368,142,368,19,368,64,368,434,368,49
369,145,369,19,369,65,369,434,369,49
370,144,370,20,370,64,370,435,370,49
371,145,371,20,371,64,371,435,371,48
372,147,372,20,372,63,372,433,372,48
373,149,373,21,373,62,373,435,373,48
374,149,374,22,374,62,374,436,374,48
375,149,375,22,375,61,375,438,375,48
376,150,376,23,376,61,376,438,376,48
377,152,377,23,377,61,377,438,377,48
378,153,378,24,378,61,378,441,378,48
379,151,379,24,379,60,379,438,379,47
380,153,380,23,380,60,380,435,380,47
381,155,381,23,381,60,381,434,381,47
382,158,382,23,382,60,382,436,382,47
383,158,383,23,383,60,383,434,383,45
384,157,384,23,384,61,384,431,384,45
385,156,385,23,385,61,385,429,385,43
386,155,386,25,386,61,386,429,386,43
387,157,387,25,387,61,387,430,387,42
388,158,388,24,388,58,388,427,388,42
389,158,389,24,389,57,389,429,389,42
390,159,390,24,390,58,390,428,390,42
391,162,391,24,391,58,391,430,391,42
392,160,392,24,392,57,392,430,392,41
393,158,393,24,393,58,393,431,393,42
394,159,394,24,394,58,394,434,394,42
395,157,395,25,395,59,395,436,395,42
396,159,396,26,396,59,396,437,396,42
397,164,397,26,397,58,397,436,397,41
398,167,398,26,398,58,398,432,398,41
399,169,399,27,399,59,399,428,399,41
400,170,400,27,400,58,400,433,400,41
401,169,401,27,401,57,401,433,401,41
402,169,402,26,402,55,402,432,402,41
403,170,403,26,403,54,403,432,403,41
404,170,404,27,404,54,404,430,404,41
405,170,405,27,405,53,405,430,405,41
406,172,406,27,406,51,406,426,406,40
407,176,407,25,407,50,407,425,407,40
408,179,408,25,408,50,408,427,408,40
409,180,409,26,409,52,409,423,409,39
410,181,410,26,410,52,410,425,410,40
411,181,411,27,411,52,411,423,411,40
412,182,412,26,412,51,412,422,412,41
413,186,413,26,413,50,413,424,413,41
414,189,414,26,414,49,414,424,414,41
415,190,415,26,415,49,415,425,415,41
416,192,416,26,416,49,416,421,416,41
417,194,417,26,417,50,417,419,417,41
418,197,418,26,418,50,418,418,418,41
419,196,419,26,419,50,419,419,419,41
420,196,420,26,420,50,420,418,420,41
421,196,421,26,421,51,421,418,421,41
422,196,422,26,422,51,422,417,422,40
423,195,423,26,423,52,423,412,423,40
424,200,424,26,424,52,424,414,424,39
425,198,425,26,425,53,425,416,425,38
426,198,426,26,426,53,426,417,426,38
427,200,427,25,427,53,427,417,427,38
428,200,428,26,428,53,428,419,428,38
429,200,429,26,429,51,429,417,429,38
430,204,430,26,430,51,430,416,430,38
431,202,431,25,431,51,431,414,431,38
432,204,432,26,432,51,432,414,432,38
433,205,433,25,433,52,433,411,433,38
434,209,434,25,434,52,434,408,434,37
435,210,435,25,435,52,435,408,435,37
436,211,436,25,436,52,436,410,436,37
437,211,437,24,437,52,437,411,437,37
438,212,438,24,438,51,438,412,438,37
439,212,439,25,439,51,439,406,439,37
440,213,440,25,440,52,440,407,440,37
441,212,441,25,441,52,441,410,441,36
442,209,442,25,442,52,442,411,442,35
443,210,443,25,443,52,443,412,443,35
444,210,444,25,444,52,444,413,444,35
445,214,445,25,445,53,445,411,445,35
446,217,446,25,446,53,446,409,446,35
447,217,447,25,447,53,447,408,447,34
448,217,448,25,448,54,448,410,448,34
449,219,449,25,449,55,449,410,449,33
450,218,450,25,450,55,450,411,450,33
451,217,451,26,451,55,451,408,451,32
452,218,452,26,452,56,452,406,452,32
453,218,453,26,453,56,453,405,453,32
454,216,454,26,454,57,454,404,454,32
455,219,455,26,455,57,455,401,455,32
456,222,456,26,456,56,456,399,456,32
457,221,457,26,457,56,457,402,457,32
458,219,458,26,458,57,458,401,458,33
459,217,459,26,459,58,459,400,459,33
460,218,460,26,460,59,460,397,460,33
461,218,461,25,461,57,461,397,461,32
462,218,462,25,462,56,462,398,462,32
463,218,463,25,463,56,463,395,463,32
464,219,464,24,464,57,464,396,464,32
465,219,465,25,465,57,465,398,465,32
466,220,466,25,466,56,466,398,466,32
467,226,467,25,467,56,467,394,467,32
468,225,468,25,468,56,468,393,468,32
469,225,469,25,469,56,469,395,469,32
470,225,470,25,470,56,470,394,470,32
471,226,471,25,471,57,471,392,471,32
472,227,472,25,472,57,472,394,472,32
473,227,473,25,473,59,473,394,473,31
474,229,474,25,474,58,474,397,474,31
475,229,475,24,475,59,475,396,475,31
476,230,476,24,476,60,476,398,476,31
477,230,477,24,477,61,477,393,477,31
478,232,478,24,478,61,478,393,478,31
479,228,479,24,479,62,479,392,479,31
480,227,480,24,480,62,480,392,480,30
481,227,481,24,481,61,481,393,481,30
482,230,482,24,482,63,482,395,482,29
483,230,483,24,483,63,483,392,483,29
484,228,484,24,484,64,484,391,484,29
485,228,485,24,485,63,485,387,485,29
486,229,486,24,486,64,486,387,486,29
487,228,487,24,487,64,487,389,487,28
488,229,488,24,488,64,488,385,488,28
489,230,489,24,489,65,489,385,489,28
490,231,490,24,490,64,490,385,490,28
491,234,491,25,491,63,491,383,491,28
492,237,492,25,492,63,492,382,492,28
493,236,493,25,493,63,493,384,493,28
494,236,494,26,494,63,494,382,494,28
495,238,495,26,495,63,495,380,495,26
496,237,496,25,496,63,496,380,496,26
497,240,497,25,497,63,497,380,497,26
498,239,498,25,498,61,498,379,498,26
499,240,499,25,499,61,499,377,499,26
500,240,500,25,500,61,500,376,500,25
501,241,501,25,501,61,501,377,501,25
502,244,502,25,502,60,502,375,502,25
503,244,503,25,503,60,503,373,503,25
504,245,504,25,504,61,504,375,504,25
505,245,505,25,505,62,505,374,505,25
506,242,506,25,506,62,506,374,506,26
507,242,507,24,507,62,507,375,507,28
508,243,508,24,508,63,508,375,508,28
509,245,509,24,509,63,509,376,509,28
510,244,510,24,510,63,510,373,510,28
511,244,511,24,511,63,511,375,511,28
512,244,512,24,512,63,512,376,512,27
513,246,513,23,513,64,513,376,513,27
514,248,514,23,514,64,514,376,514,28
515,248,515,23,515,64,515,371,515,28
516,252,516,21,516,64,516,374,516,27
517,254,517,22,517,63,517,376,517,27
518,256,518,23,518,63,518,373,518,27
519,255,519,23,519,62,519,375,519,26
520,254,520,23,520,62,520,372,520,26
521,253,521,22,521,62,521,369,521,26
522,252,522,22,522,63,522,371,522,26
523,251,523,22,523,63,523,370,523,27
524,250,524,22,524,63,524,371,524,26
525,251,525,21,525,63,525,370,525,26
526,253,526,21,526,62,526,370,526,26
527,254,527,21,527,62,527,369,527,25
528,253,528,21,528,62,528,367,528,25
529,252,529,20,529,63,529,364,529,25
530,255,530,21,530,63,530,366,530,25
531,256,531,21,531,63,531,368,531,25
532,252,532,21,532,63,532,369,532,25
533,250,533,21,533,65,533,368,533,24
534,252,534,21,534,65,534,364,534,24
535,253,535,21,535,63,535,364,535,25
536,254,536,21,536,62,536,361,536,25
537,253,537,21,537,63,537,362,537,25
538,254,538,21,538,64,538,360,538,23
539,256,539,20,539,64,539,358,539,23
540,256,540,19,540,64,540,360,540,22
541,255,541,19,541,64,541,358,541,22
542,256,542,19,542,64,542,360,542,22
543,258,543,19,543,63,543,363,543,22
544,258,544,19,544,63,544,363,544,22
545,256,545,19,545,62,545,364,545,22
546,255,546,20,546,62,546,363,546,22
547,256,547,19,547,62,547,362,547,22
548,256,548,19,548,62,548,362,548,22
549,257,549,18,549,62,549,362,549,22
550,255,550,18,550,61,550,359,550,22
551,255,551,18,551,61,551,360,551,21
552,258,552,18,552,62,552,358,552,21
553,258,553,18,553,62,553,358,553,21
554,260,554,18,554,62,554,359,554,21
555,258,555,18,555,62,555,360,555,21
556,260,556,17,556,62,556,359,556,21
557,262,557,17,557,62,557,361,557,21
558,260,558,17,558,63,558,359,558,21
559,260,559,17,559,63,559,358,559,21
560,260,560,17,560,64,560,359,560,22
561,264,561,17,561,64,561,360,561,21
562,266,562,17,562,64,562,360,562,21
563,267,563,17,563,64,563,359,563,21
564,268,564,16,564,65,564,361,564,21
565,270,565,16,565,65,565,361,565,20
566,271,566,16,566,65,566,362,566,21
567,269,567,16,567,65,567,366,567,22
568,270,568,16,568,65,568,367,568,22
569,269,569,17,569,66,569,370,569,23
570,271,570,17,570,65,570,369,570,23
571,272,571,17,571,64,571,366,571,23
572,272,572,17,572,64,572,365,572,23
573,268,573,17,573,63,573,367,573,23
574,267,574,17,574,63,574,369,574,23
575,267,575,17,575,63,575,365,575,23
576,266,576,17,576,63,576,366,576,22
577,264,577,17,577,63,577,368,577,22
578,264,578,16,578,63,578,369,578,22
579,264,579,16,579,63,579,370,579,23
580,265,580,16,580,63,580,369,580,23
581,268,581,16,581,63,581,369,581,23
582,271,582,16,582,64,582,368,582,23
583,274,583,16,583,64,583,369,583,23
584,277,584,16,584,62,584,363,584,23
585,278,585,17,585,62,585,361,585,23
586,278,586,17,586,63,586,362,586,23
587,280,587,17,587,63,587,359,587,22
588,283,588,17,588,64,588,365,588,22
589,283,589,17,589,64,589,363,589,22
590,287,590,17,590,63,590,362,590,22
591,290,591,17,591,61,591,361,591,22
592,291,592,17,592,61,592,363,592,22
593,290,593,17,593,61,593,363,593,22
594,289,594,17,594,61,594,362,594,22
595,288,595,17,595,60,595,363,595,22
596,291,596,17,596,60,596,361,596,22
597,290,597,17,597,59,597,359,597,21
598,293,598,17,598,59,598,359,598,21
599,292,599,17,599,60,599,360,599,21
600,297,600,17,600,59,600,360,600,21
601,297,601,17,601,60,601,360,601,20
602,299,602,17,602,60,602,362,602,20
603,301,603,17,603,60,603,362,603,19
604,303,604,16,604,61,604,363,604,19
605,302,605,16,605,60,605,360,605,19
606,304,606,16,606,60,606,360,606,19
607,303,607,17,607,61,607,360,607,19
608,304,608,17,608,61,608,360,608,19
609,305,609,17,609,61,609,360,609,19
610,305,610,17,610,62,610,362,610,19
611,307,611,17,611,63,611,361,611,18
612,311,612,17,612,62,612,360,612,18
613,307,613,17,613,61,613,359,613,18
614,308,614,17,614,60,614,358,614,18
615,311,615,17,615,60,615,358,615,18
616,313,616,17,616,61,616,356,616,18
617,317,617,17,617,63,617,353,617,18
618,319,618,17,618,62,618,352,618,18
619,320,619,16,619,62,619,352,619,17
620,321,620,15,620,62,620,352,620,17
621,323,621,15,621,63,621,354,621,17
622,326,622,15,622,63,622,352,622,17
623,327,623,16,623,63,623,352,623,17
624,333,624,16,624,64,624,350,624,17
625,331,625,15,625,62,625,349,625,17
626,332,626,14,626,63,626,348,626,17
627,334,627,14,627,64,627,349,627,17
628,336,628,14,628,64,628,347,628,17
629,333,629,14,629,65,629,345,629,17
630,333,630,14,630,64,630,341,630,17
631,337,631,14,631,64,631,341,631,16
632,339,632,14,632,64,632,345,632,16
633,339,633,14,633,64,633,346,633,15
634,337,634,14,634,64,634,345,634,15
635,342,635,14,635,65,635,344,635,15
636,342,636,14,636,65,636,341,636,15
637,343,637,13,637,65,637,338,637,15
638,342,638,13,638,64,638,337,638,15
639,343,639,13,639,64,639,336,639,15
640,342,640,13,640,64,640,338,640,15
641,344,641,13,641,63,641,338,641,15
642,346,642,12,642,63,642,337,642,15
643,346,643,12,643,63,643,337,643,15
644,347,644,12,644,61,644,337,644,15
645,347,645,11,645,61,645,337,645,15
646,347,646,11,646,61,646,337,646,15
647,345,647,11,647,62,647,335,647,15
648,349,648,11,648,63,648,334,648,15
649,349,649,11,649,64,649,333,649,15
650,352,650,11,650,64,650,332,650,15
651,352,651,11,651,64,651,329,651,15
652,354,652,11,652,63,652,328,652,15
653,353,653,11,653,63,653,327,653,15
654,362,654,11,654,63,654,330,654,15
655,362,655,11,655,63,655,328,655,15
656,362,656,11,656,62,656,330,656,15
657,366,657,11,657,61,657,332,657,15
658,368,658,11,658,62,658,332,658,15
659,368,659,11,659,62,659,333,659,15
660,369,660,11,660,62,660,336,660,15
661,368,661,11,661,63,661,337,661,15
662,372,662,11,662,63,662,336,662,15
663,375,663,11,663,64,663,338,663,15
664,374,664,11,664,64,664,337,664,15
665,374,665,11,665,63,665,335,665,15
666,376,666,11,666,63,666,335,666,15
667,377,667,10,667,64,667,337,667,15
668,377,668,10,668,63,668,336,668,14
669,380,669,10,669,63,669,336,669,14
670,381,670,10,670,62,670,336,670,14
671,382,671,10,671,61,671,334,671,14
672,384,672,11,672,61,672,334,672,14
673,385,673,11,673,61,673,335,673,14
674,383,674,11,674,60,674,336,674,14
675,382,675,11,675,58,675,337,675,14
676,384,676,10,676,56,676,335,676,14
677,384,677,10,677,55,677,333,677,14
678,381,678,10,678,55,678,335,678,14
679,383,679,10,679,54,679,331,679,14
680,383,680,10,680,54,680,332,680,14
681,385,681,10,681,54,681,332,681,14
682,387,682,10,682,54,682,331,682,14
683,390,683,10,683,53,683,330,683,14
684,390,684,10,684,53,684,326,684,14
685,390,685,10,685,52,685,328,685,14
686,389,686,10,686,52,686,325,686,14
687,389,687,10,687,52,687,322,687,14
688,384,688,10,688,51,688,323,688,14
689,384,689,10,689,51,689,322,689,14
690,385,690,10,690,51,690,321,690,14
691,381,691,10,691,51,691,321,691,14
692,381,692,10,692,51,692,320,692,14
693,384,693,10,693,51,693,316,693,14
694,386,694,10,694,51,694,315,694,14
695,387,695,10,695,49,695,312,695,14
696,386,696,10,696,49,696,312,696,14
697,388,697,10,697,49,697,311,697,14
698,389,698,10,698,49,698,308,698,14
699,388,699,10,699,49,699,310,699,14
700,390,700,10,700,47,700,309,700,14
701,391,701,10,701,47,701,309,701,14
702,393,702,10,702,45,702,310,702,14
703,394,703,9,703,44,703,310,703,14
704,394,704,9,704,44,704,310,704,14
705,393,705,9,705,44,705,308,705,14
706,390,706,9,706,44,706,307,706,14
707,387,707,9,707,44,707,305,707,14
708,391,708,9,708,43,708,306,708,14
709,389,709,9,709,43,709,306,709,14
710,394,710,9,710,43,710,308,710,14
711,391,711,9,711,43,711,308,711,14
712,394,712,9,712,43,712,305,712,14
713,392,713,10,713,43,713,303,713,14
714,397,714,10,714,43,714,304,714,14
715,400,715,10,715,43,715,303,715,14
716,399,716,10,716,43,716,303,716,14
717,397,717,10,717,41,717,304,717,14
718,399,718,10,718,41,718,302,718,14
719,396,719,10,719,41,719,299,719,14
720,395,720,10,720,40,720,299,720,14
721,396,721,9,721,41,721,296,721,14
722,395,722,9,722,41,722,298,722,14
723,398,723,9,723,40,723,296,723,14
724,399,724,8,724,41,724,293,724,14
725,397,725,8,725,41,725,293,725,13
726,399,726,7,726,41,726,293,726,13
727,397,727,7,727,41,727,290,727,13
728,393,728,7,728,41,728,293,728,13
729,389,729,7,729,40,729,291,729,13
730,391,730,7,730,38,730,292,730,13
731,390,731,7,731,38,731,294,731,13
732,388,732,7,732,39,732,294,732,13
733,387,733,8,733,39,733,294,733,13
734,385,734,8,734,40,734,296,734,13
735,388,735,8,735,40,735,291,735,13
736,389,736,9,736,40,736,291,736,13
737,391,737,9,737,40,737,289,737,13
738,392,738,9,738,39,738,289,738,14
739,396,739,9,739,38,739,284,739,14
740,395,740,9,740,38,740,283,740,14
741,397,741,9,741,38,741,282,741,14
742,401,742,9,742,38,742,282,742,14
743,402,743,9,743,38,743,282,743,14
744,400,744,9,744,38,744,277,744,14
745,399,745,9,745,39,745,277,745,14
746,401,746,9,746,40,746,280,746,14
747,399,747,9,747,41,747,277,747,14
748,400,748,9,748,41,748,280,748,14
749,398,749,9,749,42,749,279,749,14
750,399,750,9,750,43,750,280,750,14
751,398,751,9,751,42,751,279,751,14
752,397,752,9,752,42,752,277,752,14
753,394,753,9,753,42,753,276,753,14
754,395,754,9,754,43,754,277,754,14
755,396,755,9,755,43,755,276,755,14
756,394,756,9,756,43,756,276,756,14
757,397,757,9,757,43,757,275,757,14
758,397,758,9,758,44,758,273,758,14
759,401,759,9,759,44,759,270,759,14
760,403,760,9,760,44,760,270,760,13
761,403,761,9,761,43,761,270,761,13
762,403,762,9,762,43,762,270,762,13
763,404,763,9,763,44,763,270,763,13
764,403,764,9,764,43,764,272,764,13
765,403,765,9,765,42,765,272,765,13
766,404,766,9,766,42,766,271,766,12
767,399,767,9,767,42,767,271,767,12
768,398,768,9,768,41,768,269,768,12
769,403,769,9,769,42,769,270,769,12
770,406,770,9,770,42,770,272,770,12
771,410,771,9,771,41,771,272,771,12
772,413,772,9,772,41,772,271,772,12
773,412,773,9,773,42,773,269,773,11
774,415,774,9,774,44,774,271,774,11
775,422,775,9,775,44,775,274,775,11
776,424,776,9,776,45,776,273,776,11
777,425,777,9,777,45,777,272,777,12
778,425,778,9,778,45,778,268,778,12
779,429,779,9,779,47,779,269,779,12
780,430,780,9,780,47,780,269,780,12
781,429,781,9,781,46,781,270,781,12
782,428,782,9,782,46,782,269,782,12
783,427,783,9,783,46,783,268,783,12
784,432,784,9,784,47,784,265,784,12
785,432,785,9,785,47,785,264,785,12
786,428,786,9,786,47,786,265,786,12
787,431,787,9,787,47,787,264,787,12
788,434,788,9,788,46,788,262,788,12
789,434,789,9,789,46,789,264,789,12
790,439,790,9,790,46,790,264,790,12
791,441,791,9,791,45,791,260,791,11
792,441,792,9,792,45,792,260,792,11
793,439,793,9,793,45,793,260,793,11
794,441,794,9,794,45,794,261,794,11
795,443,795,9,795,45,795,262,795,11
796,445,796,9,796,45,796,260,796,11
797,451,797,9,797,45,797,261,797,11
798,450,798,9,798,45,798,263,798,11
799,451,799,9,799,45,799,262,799,11
800,456,800,9,800,45,800,260,800,11
801,454,801,9,801,47,801,258,801,11
802,454,802,9,802,46,802,257,802,11
803,458,803,9,803,46,803,256,803,11
804,456,804,9,804,46,804,254,804,11
805,458,805,9,805,46,805,254,805,11
806,455,806,8,806,47,806,253,806,11
807,454,807,8,807,47,807,252,807,10
808,454,808,8,808,45,808,251,808,10
809,455,809,8,809,46,809,249,809,10
810,455,810,8,810,46,810,248,810,10
811,454,811,7,811,46,811,248,811,10
812,454,812,7,812,46,812,249,812,10
813,457,813,7,813,46,813,246,813,10
814,459,814,7,814,46,814,244,814,10
815,459,815,7,815,46,815,245,815,10
816,460,816,7,816,46,816,246,816,10
817,459,817,7,817,45,817,246,817,10
818,458,818,7,818,45,818,246,818,10
819,458,819,7,819,46,819,246,819,10
820,460,820,7,820,46,820,244,820,10
821,462,821,7,821,46,821,245,821,10
822,464,822,7,822,46,822,245,822,10
823,466,823,7,823,46,823,245,823,10
824,467,824,7,824,47,824,246,824,10
825,471,825,7,825,47,825,247,825,10
826,469,826,7,826,46,826,246,826,10
827,469,827,7,827,46,827,246,827,10
828,469,828,7,828,47,828,246,828,10
829,472,829,7,829,47,829,247,829,10
830,473,830,7,830,47,830,247,830,10
831,470,831,7,831,47,831,250,831,10
832,473,832,7,832,47,832,247,832,10
833,473,833,6,833,48,833,246,833,10
834,471,834,6,834,48,834,243,834,10
835,471,835,6,835,47,835,243,835,9
836,472,836,6,836,47,836,246,836,9
837,473,837,6,837,47,837,247,837,9
838,473,838,6,838,46,838,247,838,9
839,477,839,6,839,47,839,248,839,9
840,478,840,6,840,47,840,246,840,9
841,481,841,6,841,47,841,246,841,9
842,485,842,6,842,46,842,245,842,9
843,484,843,6,843,45,843,245,843,9
844,486,844,6,844,45,844,244,844,9
845,487,845,6,845,46,845,243,845,9
846,493,846,6,846,45,846,245,846,9
847,495,847,6,847,44,847,243,847,9
848,498,848,6,848,44,848,243,848,9
849,497,849,6,849,43,849,244,849,9
850,499,850,6,850,43,850,245,850,9
851,498,851,6,851,44,851,245,851,9
852,499,852,6,852,44,852,244,852,9
853,498,853,6,853,44,853,244,853,9
854,503,854,6,854,44,854,242,854,9
855,505,855,6,855,43,855,241,855,9
856,506,856,6,856,42,856,239,856,9
857,505,857,6,857,43,857,238,857,9
858,500,858,6,858,43,858,238,858,9
859,498,859,6,859,43,859,237,859,9
860,501,860,6,860,43,860,238,860,9
861,502,861,6,861,42,861,238,861,9
862,501,862,6,862,42,862,240,862,9
863,500,863,6,863,42,863,241,863,9
864,496,864,6,864,40,864,235,864,9
865,497,865,6,865,40,865,234,865,9
866,496,866,6,866,41,866,235,866,9
867,498,867,6,867,42,867,234,867,9
868,499,868,6,868,42,868,234,868,9
869,498,869,6,869,43,869,234,869,8
870,495,870,6,870,44,870,232,870,8
871,501,871,6,871,44,871,230,871,8
872,503,872,6,872,44,872,229,872,8
873,506,873,6,873,44,873,225,873,9
874,507,874,6,874,44,874,223,874,9
875,507,875,6,875,44,875,223,875,9
876,511,876,6,876,44,876,220,876,9
877,514,877,6,877,44,877,218,877,9
878,514,878,6,878,44,878,218,878,9
879,516,879,6,879,44,879,217,879,9
880,515,880,6,880,43,880,213,880,9
881,516,881,6,881,43,881,212,881,9
882,516,882,6,882,43,882,211,882,9
883,521,883,6,883,43,883,208,883,9
884,521,884,6,884,42,884,207,884,9
885,523,885,6,885,44,885,205,885,9
886,527,886,6,886,44,886,204,886,9
887,528,887,6,887,44,887,203,887,9
888,534,888,6,888,46,888,203,888,9
889,529,889,6,889,45,889,202,889,9
890,530,890,6,890,45,890,202,890,9
891,531,891,6,891,45,891,202,891,9
892,534,892,6,892,46,892,202,892,9
893,536,893,6,893,47,893,200,893,9
894,537,894,6,894,47,894,199,894,9
895,540,895,6,895,47,895,196,895,9
896,540,896,6,896,47,896,197,896,8
897,540,897,6,897,47,897,197,897,8
898,540,898,6,898,47,898,195,898,8
899,544,899,6,899,48,899,193,899,7
900,544,900,6,900,48,900,193,900,7
901,545,901,6,901,48,901,192,901,7
902,546,902,6,902,49,902,191,902,7
903,548,903,6,903,50,903,191,903,8
904,551,904,6,904,50,904,192,904,8
905,555,905,6,905,51,905,191,905,8
906,555,906,6,906,52,906,192,906,8
907,559,907,6,907,52,907,191,907,7
908,559,908,6,908,51,908,189,908,7
909,563,909,6,909,51,909,189,909,7
910,565,910,5,910,51,910,188,910,7
911,567,911,5,911,51,911,186,911,7
912,569,912,5,912,50,912,186,912,7
913,578,913,5,913,51,913,185,913,7
914,577,914,5,914,51,914,185,914,7
915,579,915,4,915,51,915,184,915,7
916,581,916,4,916,51,916,183,916,7
917,586,917,4,917,51,917,183,917,7
918,587,918,4,918,53,918,182,918,7
919,584,919,4,919,54,919,182,919,7
920,589,920,3,920,53,920,182,920,7
921,593,921,3,921,52,921,182,921,7
922,593,922,3,922,52,922,179,922,7
923,592,923,3,923,53,923,177,923,7
924,595,924,3,924,53,924,177,924,7
925,592,925,3,925,53,925,176,925,7
926,591,926,3,926,53,926,173,926,7
927,592,927,3,927,53,927,172,927,7
928,589,928,3,928,52,928,173,928,7
929,586,929,3,929,52,929,171,929,7
930,590,930,3,930,51,930,169,930,7
931,590,931,3,931,51,931,169,931,7
932,588,932,3,932,50,932,169,932,7
933,593,933,3,933,51,933,169,933,7
934,593,934,3,934,52,934,170,934,7
935,590,935,3,935,52,935,170,935,7
936,590,936,3,936,53,936,169,936,7
937,591,937,3,937,53,937,169,937,7
938,594,938,3,938,53,938,168,938,7
939,595,939,3,939,52,939,168,939,7
940,594,940,3,940,52,940,169,940,7
941,595,941,3,941,51,941,168,941,7
942,600,942,3,942,51,942,168,942,7
943,603,943,3,943,51,943,167,943,7
944,601,944,3,944,50,944,167,944,7
945,605,945,3,945,50,945,166,945,7
946,605,946,3,946,52,946,165,946,7
947,604,947,3,947,53,947,164,947,7
948,608,948,3,948,55,948,164,948,7
949,609,949,3,949,55,949,163,949,7
950,605,950,3,950,55,950,163,950,7
951,601,951,3,951,55,951,163,951,7
952,599,952,3,952,53,952,163,952,7
953,598,953,3,953,53,953,164,953,7
954,603,954,3,954,54,954,164,954,7
955,604,955,3,955,54,955,163,955,7
956,610,956,3,956,54,956,161,956,7
957,610,957,3,957,55,957,159,957,7
958,610,958,3,958,55,958,158,958,7
959,613,959,3,959,54,959,157,959,7
960,611,960,3,960,54,960,156,960,7
961,611,961,3,961,53,961,156,961,7
962,614,962,3,962,53,962,153,962,7
963,611,963,3,963,52,963,152,963,7
964,608,964,3,964,51,964,153,964,7
965,613,965,3,965,51,965,152,965,7
966,613,966,3,966,52,966,150,966,7
967,613,967,3,967,52,967,149,967,7
968,612,968,3,968,54,968,149,968,7
969,614,969,3,969,54,969,147,969,7
970,617,970,3,970,54,970,145,970,7
971,618,971,3,971,54,971,145,971,7
972,624,972,3,972,55,972,144,972,7
973,623,973,3,973,55,973,144,973,7
974,624,974,3,974,56,974,145,974,7
975,620,975,3,975,56,975,146,975,7
976,622,976,3,976,56,976,145,976,7
977,618,977,3,977,56,977,146,977,7
978,620,978,3,978,56,978,146,978,7
979,620,979,3,979,56,979,145,979,7
980,618,980,3,980,56,980,144,980,7
981,618,981,2,981,54,981,142,981,7
982,622,982,2,982,54,982,143,982,7
983,620,983,2,983,53,983,143,983,7
984,624,984,2,984,53,984,142,984,7
985,622,985,2,985,53,985,142,985,7
986,621,986,2,986,53,986,141,986,7
987,623,987,2,987,52,987,138,987,7
988,620,988,2,988,52,988,139,988,7
989,621,989,2,989,52,989,139,989,7
990,619,990,2,990,52,990,139,990,7
991,619,991,2,991,53,991,139,991,7
992,618,992,2,992,54,992,140,992,7
993,616,993,2,993,53,993,141,993,7
994,616,994,2,994,52,994,140,994,7
995,613,995,2,995,53,995,138,995,7
996,614,996,2,996,53,996,136,996,7
997,619,997,2,997,53,997,136,997,7
998,615,998,2,998,54,998,135,998,7
999,614,999,2,999,54,999,133,999,7
1000,609,1000,2,1000,54,1000,133,1000,7
1001,614,1001,2,1001,55,1001,134,1001,7
1002,613,1002,2,1002,55,1002,136,1002,7
1003,614,1003,2,1003,56,1003,135,1003,7
1004,614,1004,2,1004,56,1004,135,1004,7
1005,618,1005,2,1005,55,1005,136,1005,7
1006,620,1006,2,1006,55,1006,134,1006,7
1007,618,1007,2,1007,55,1007,135,1007,7
1008,621,1008,3,1008,56,1008,134,1008,7
1009,624,1009,3,1009,56,1009,134,1009,7
1010,626,1010,3,1010,56,1010,134,1010,7
1011,626,1011,3,1011,56,1011,131,1011,7
1012,626,1012,3,1012,55,1012,129,1012,7
1013,628,1013,3,1013,57,1013,127,1013,7
1014,628,1014,3,1014,56,1014,126,1014,7
1015,628,1015,3,1015,55,1015,126,1015,7
1016,626,1016,3,1016,54,1016,124,1016,7
1017,625,1017,3,1017,56,1017,123,1017,7
1018,624,1018,3,1018,55,1018,121,1018,7
1019,624,1019,3,1019,55,1019,120,1019,7
1020,626,1020,3,1020,56,1020,120,1020,7
1021,629,1021,3,1021,56,1021,119,1021,7
1022,631,1022,3,1022,57,1022,119,1022,7
1023,634,1023,3,1023,58,1023,120,1023,7
1024,631,1024,3,1024,57,1024,119,1024,6
1025,627,1025,3,1025,58,1025,119,1025,6
1026,626,1026,3,1026,58,1026,118,1026,6
1027,626,1027,3,1027,58,1027,118,1027,6
1028,630,1028,3,1028,58,1028,119,1028,6
1029,627,1029,3,1029,56,1029,118,1029,6
1030,629,1030,3,1030,56,1030,120,1030,6
1031,629,1031,3,1031,56,1031,119,1031,6
1032,629,1032,3,1032,56,1032,118,1032,5
1033,633,1033,3,1033,56,1033,118,1033,5
1034,636,1034,3,1034,56,1034,118,1034,4
1035,636,1035,3,1035,56,1035,118,1035,4
1036,637,1036,3,1036,56,1036,116,1036,4
1037,633,1037,3,1037,57,1037,116,1037,4
1038,634,1038,3,1038,57,1038,115,1038,4
1039,630,1039,3,1039,58,1039,115,1039,4
1040,626,1040,3,1040,58,1040,115,1040,4
1041,626,1041,3,1041,58,1041,116,1041,4
1042,626,1042,3,1042,58,1042,115,1042,4
1043,631,1043,3,1043,59,1043,115,1043,4
1044,629,1044,3,1044,59,1044,115,1044,4
1045,630,1045,3,1045,58,1045,115,1045,4
1046,627,1046,3,1046,58,1046,114,1046,4
1047,627,1047,3,1047,57,1047,114,1047,4
1048,624,1048,3,1048,57,1048,114,1048,4
1049,628,1049,3,1049,59,1049,113,1049,4
1050,630,1050,3,1050,59,1050,113,1050,5
1051,629,1051,3,1051,59,1051,113,1051,5
1052,630,1052,3,1052,59,1052,113,1052,5
1053,632,1053,2,1053,59,1053,114,1053,5
1054,635,1054,2,1054,59,1054,114,1054,5
1055,636,1055,2,1055,60,1055,115,1055,5
1056,636,1056,2,1056,60,1056,113,1056,5
1057,641,1057,2,1057,59,1057,112,1057,5
1058,646,1058,2,1058,59,1058,112,1058,5
1059,648,1059,2,1059,59,1059,111,1059,5
1060,649,1060,2,1060,60,1060,110,1060,5
1061,649,1061,2,1061,60,1061,110,1061,6
1062,651,1062,2,1062,60,1062,109,1062,6
1063,656,1063,2,1063,60,1063,110,1063,6
1064,655,1064,2,1064,59,1064,109,1064,6
1065,654,1065,2,1065,59,1065,108,1065,6
1066,662,1066,2,1066,60,1066,107,1066,6
1067,658,1067,2,1067,59,1067,107,1067,6
1068,659,1068,2,1068,58,1068,106,1068,7
1069,660,1069,2,1069,58,1069,104,1069,7
1070,660,1070,2,1070,58,1070,104,1070,7
1071,660,1071,2,1071,57,1071,103,1071,7
1072,658,1072,2,1072,57,1072,104,1072,7
1073,663,1073,2,1073,55,1073,104,1073,7
1074,661,1074,2,1074,54,1074,102,1074,8
1075,659,1075,2,1075,54,1075,102,1075,8
1076,659,1076,2,1076,54,1076,101,1076,8
1077,658,1077,2,1077,56,1077,101,1077,8
1078,657,1078,2,1078,57,1078,101,1078,8
1079,661,1079,2,1079,58,1079,100,1079,9
1080,663,1080,2,1080,58,1080,100,1080,9
1081,660,1081,2,1081,57,1081,100,1081,9
1082,665,1082,2,1082,59,1082,99,1082,9
1083,664,1083,2,1083,60,1083,98,1083,9
1084,666,1084,2,1084,60,1084,97,1084,9
1085,666,1085,2,1085,60,1085,95,1085,9
1086,670,1086,2,1086,60,1086,94,1086,9
1087,670,1087,2,1087,60,1087,92,1087,9
1088,667,1088,2,1088,62,1088,92,1088,9
1089,667,1089,2,1089,62,1089,90,1089,8
1090,665,1090,2,1090,63,1090,91,1090,8
1091,658,1091,2,1091,63,1091,89,1091,8
1092,662,1092,3,1092,64,1092,89,1092,8
1093,660,1093,2,1093,65,1093,89,1093,8
1094,662,1094,2,1094,66,1094,88,1094,8
1095,659,1095,2,1095,66,1095,89,1095,8
1096,655,1096,2,1096,66,1096,87,1096,8
1097,652,1097,2,1097,66,1097,87,1097,8
1098,651,1098,2,1098,66,1098,87,1098,9
1099,652,1099,2,1099,65,1099,87,1099,9
1100,650,1100,2,1100,65,1100,88,1100,9
1101,655,1101,2,1101,66,1101,86,1101,9
1102,658,1102,2,1102,63,1102,85,1102,9
1103,653,1103,2,1103,62,1103,84,1103,9
1104,655,1104,2,1104,62,1104,84,1104,9
1105,659,1105,2,1105,62,1105,83,1105,9
1106,655,1106,2,1106,61,1106,83,1106,9
1107,656,1107,2,1107,62,1107,83,1107,9
1108,655,1108,2,1108,62,1108,82,1108,9
1109,655,1109,2,1109,63,1109,81,1109,9
1110,656,1110,2,1110,63,1110,82,1110,9
1111,654,1111,2,1111,65,1111,82,1111,8
1112,658,1112,2,1112,65,1112,81,1112,8
1113,659,1113,2,1113,65,1113,80,1113,8
1114,658,1114,2,1114,64,1114,80,1114,8
1115,659,1115,2,1115,62,1115,80,1115,8
1116,664,1116,2,1116,62,1116,80,1116,8
1117,668,1117,2,1117,62,1117,80,1117,8
1118,666,1118,2,1118,62,1118,80,1118,8
1119,667,1119,2,1119,62,1119,79,1119,8
1120,666,1120,2,1120,61,1120,78,1120,8
1121,660,1121,2,1121,59,1121,78,1121,7
1122,661,1122,2,1122,58,1122,77,1122,7
1123,656,1123,2,1123,58,1123,76,1123,7
1124,656,1124,2,1124,58,1124,75,1124,7
1125,659,1125,2,1125,58,1125,75,1125,7
1126,657,1126,2,1126,58,1126,75,1126,7
1127,652,1127,2,1127,58,1127,75,1127,7
1128,655,1128,2,1128,57,1128,75,1128,6
1129,654,1129,2,1129,57,1129,74,1129,6
1130,655,1130,2,1130,57,1130,73,1130,6
1131,653,1131,2,1131,58,1131,74,1131,6
1132,654,1132,2,1132,58,1132,73,1132,6
1133,656,1133,2,1133,58,1133,72,1133,6
1134,657,1134,2,1134,56,1134,72,1134,6
1135,658,1135,2,1135,56,1135,72,1135,6
1136,658,1136,2,1136,56,1136,72,1136,6
1137,653,1137,2,1137,56,1137,73,1137,5
1138,654,1138,2,1138,56,1138,74,1138,5
1139,655,1139,2,1139,56,1139,75,1139,5
1140,659,1140,2,1140,56,1140,75,1140,5
1141,659,1141,2,1141,56,1141,75,1141,5
1142,660,1142,2,1142,56,1142,75,1142,5
1143,658,1143,2,1143,57,1143,76,1143,5
1144,658,1144,2,1144,57,1144,75,1144,5
1145,656,1145,2,1145,57,1145,75,1145,5
1146,657,1146,2,1146,57,1146,75,1146,5
1147,656,1147,2,1147,57,1147,74,1147,5
1148,655,1148,2,1148,57,1148,75,1148,5
1149,659,1149,2,1149,57,1149,76,1149,5
1150,657,1150,2,1150,56,1150,76,1150,5
1151,661,1151,2,1151,55,1151,76,1151,5
1152,658,1152,2,1152,54,1152,76,1152,5
1153,655,1153,2,1153,54,1153,77,1153,5
1154,652,1154,2,1154,54,1154,77,1154,5
1155,651,1155,2,1155,54,1155,76,1155,5
1156,648,1156,2,1156,53,1156,77,1156,5
1157,648,1157,2,1157,54,1157,76,1157,5
1158,648,1158,2,1158,54,1158,76,1158,5
1159,648,1159,2,1159,54,1159,76,1159,5
1160,646,1160,2,1160,54,1160,76,1160,5
1161,645,1161,2,1161,55,1161,75,1161,5
1162,643,1162,2,1162,55,1162,75,1162,5
1163,641,1163,2,1163,55,1163,75,1163,3
1164,634,1164,2,1164,53,1164,75,1164,3
1165,635,1165,2,1165,53,1165,76,1165,3
1166,636,1166,2,1166,53,1166,75,1166,3
1167,645,1167,2,1167,52,1167,74,1167,3
1168,644,1168,2,1168,53,1168,74,1168,3
1169,639,1169,2,1169,53,1169,73,1169,4
1170,635,1170,2,1170,52,1170,71,1170,4
1171,638,1171,2,1171,52,1171,72,1171,4
1172,636,1172,2,1172,52,1172,72,1172,4
1173,637,1173,2,1173,50,1173,71,1173,4
1174,636,1174,2,1174,50,1174,71,1174,4
1175,635,1175,2,1175,49,1175,71,1175,4
1176,636,1176,2,1176,49,1176,71,1176,4
1177,635,1177,2,1177,51,1177,72,1177,4
1178,638,1178,2,1178,51,1178,71,1178,4
1179,643,1179,2,1179,50,1179,72,1179,4
1180,643,1180,2,1180,50,1180,72,1180,4
1181,642,1181,2,1181,50,1181,73,1181,3
1182,647,1182,2,1182,50,1182,74,1182,3
1183,645,1183,2,1183,50,1183,74,1183,3
1184,638,1184,2,1184,49,1184,74,1184,3
1185,638,1185,2,1185,49,1185,75,1185,3
1186,639,1186,2,1186,49,1186,74,1186,3
1187,637,1187,2,1187,49,1187,75,1187,3
1188,638,1188,2,1188,49,1188,76,1188,3
1189,632,1189,2,1189,49,1189,76,1189,3
1190,629,1190,2,1190,50,1190,78,1190,3
1191,629,1191,2,1191,47,1191,78,1191,3
1192,629,1192,2,1192,47,1192,77,1192,3
1193,629,1193,2,1193,47,1193,79,1193,3
1194,635,1194,2,1194,47,1194,79,1194,3
1195,638,1195,2,1195,47,1195,79,1195,3
1196,639,1196,2,1196,47,1196,79,1196,3
1197,636,1197,2,1197,47,1197,80,1197,2
1198,638,1198,2,1198,47,1198,81,1198,2
1199,643,1199,2,1199,46,1199,81,1199,2
1200,647,1200,2,1200,47,1200,83,1200,2
1201,644,1201,2,1201,47,1201,83,1201,2
1202,645,1202,2,1202,48,1202,82,1202,2
1203,647,1203,2,1203,48,1203,81,1203,1
1204,650,1204,2,1204,48,1204,83,1204,1
1205,649,1205,2,1205,48,1205,84,1205,1
1206,654,1206,2,1206,48,1206,84,1206,1
1207,654,1207,2,1207,48,1207,84,1207,1
1208,652,1208,2,1208,48,1208,85,1208,1
1209,651,1209,2,1209,48,1209,85,1209,1
1210,648,1210,2,1210,48,1210,85,1210,1
1211,644,1211,2,1211,48,1211,84,1211,1
1212,640,1212,2,1212,47,1212,84,1212,1
1213,643,1213,2,1213,47,1213,82,1213,1
1214,644,1214,2,1214,47,1214,83,1214,1
1215,642,1215,2,1215,47,1215,83,1215,1
1216,645,1216,2,1216,46,1216,83,1216,1
1217,648,1217,2,1217,46,1217,82,1217,1
1218,649,1218,2,1218,46,1218,82,1218,1
1219,651,1219,2,1219,46,1219,82,1219,1
1220,647,1220,1,1220,47,1220,81,1220,1
1221,649,1221,1,1221,47,1221,80,1221,1
1222,655,1222,1,1222,47,1222,81,1222,1
1223,655,1223,1,1223,47,1223,81,1223,1
1224,656,1224,1,1224,48,1224,81,1224,1
1225,660,1225,1,1225,47,1225,81,1225,1
1226,658,1226,1,1226,47,1226,80,1226,1
1227,659,1227,1,1227,46,1227,79,1227,1
1228,660,1228,1,1228,46,1228,79,1228,1
1229,662,1229,1,1229,46,1229,80,1229,1
1230,665,1230,1,1230,46,1230,80,1230,1
1231,666,1231,1,1231,46,1231,79,1231,1
1232,667,1232,1,1232,46,1232,78,1232,1
1233,671,1233,1,1233,46,1233,79,1233,1
1234,668,1234,1,1234,46,1234,78,1234,1
1235,667,1235,1,1235,46,1235,80,1235,1
1236,666,1236,1,1236,46,1236,80,1236,1
1237,664,1237,1,1237,46,1237,80,1237,1
1238,670,1238,1,1238,46,1238,81,1238,1
1239,673,1239,1,1239,45,1239,81,1239,1
1240,673,1240,1,1240,45,1240,80,1240,1
1241,674,1241,1,1241,45,1241,78,1241,1
1242,673,1242,1,1242,45,1242,79,1242,1
1243,675,1243,1,1243,45,1243,79,1243,1
1244,678,1244,1,1244,45,1244,78,1244,1
1245,677,1245,1,1245,46,1245,78,1245,1
1246,672,1246,1,1246,46,1246,79,1246,1
1247,674,1247,1,1247,45,1247,78,1247,1
1248,672,1248,1,1248,45,1248,77,1248,1
1249,673,1249,1,1249,46,1249,76,1249,1
1250,674,1250,1,1250,46,1250,77,1250,1
1251,681,1251,1,1251,45,1251,75,1251,1
1252,674,1252,1,1252,44,1252,75,1252,1
1253,671,1253,1,1253,44,1253,76,1253,1
1254,675,1254,1,1254,44,1254,77,1254,1
1255,674,1255,1,1255,44,1255,77,1255,1
1256,671,1256,1,1256,44,1256,77,1256,1
1257,674,1257,1,1257,44,1257,76,1257,1
1258,669,1258,1,1258,44,1258,77,1258,1
1259,668,1259,1,1259,44,1259,78,1259,1
1260,663,1260,1,1260,44,1260,78,1260,1
1261,656,1261,1,1261,45,1261,79,1261,1
1262,663,1262,1,1262,44,1262,79,1262,1
1263,664,1263,1,1263,44,1263,81,1263,1
1264,663,1264,1,1264,44,1264,81,1264,1
1265,660,1265,1,1265,44,1265,82,1265,1
1266,660,1266,1,1266,44,1266,83,1266,1
1267,661,1267,1,1267,44,1267,84,1267,1
1268,661,1268,1,1268,43,1268,84,1268,1
1269,663,1269,1,1269,44,1269,86,1269,1
1270,663,1270,1,1270,44,1270,86,1270,1
1271,665,1271,1,1271,44,1271,86,1271,1
1272,662,1272,1,1272,44,1272,87,1272,1
1273,654,1273,1,1273,44,1273,88,1273,1
1274,653,1274,1,1274,44,1274,86,1274,1
1275,653,1275,1,1275,41,1275,88,1275,1
1276,655,1276,1,1276,40,1276,88,1276,1
1277,658,1277,1,1277,38,1277,89,1277,1
1278,656,1278,1,1278,38,1278,90,1278,1
1279,659,1279,1,1279,37,1279,89,1279,1
1280,658,1280,1,1280,37,1280,90,1280,1
1281,663,1281,1,1281,38,1281,92,1281,1
1282,667,1282,1,1282,38,1282,92,1282,1
1283,667,1283,1,1283,38,1283,91,1283,1
1284,666,1284,1,1284,38,1284,89,1284,1
1285,666,1285,1,1285,38,1285,91,1285,1
1286,671,1286,1,1286,38,1286,91,1286,1
1287,671,1287,1,1287,38,1287,90,1287,1
1288,668,1288,1,1288,38,1288,91,1288,1
1289,674,1289,1,1289,38,1289,92,1289,1
1290,671,1290,1,1290,38,1290,92,1290,1
1291,671,1291,1,1291,38,1291,93,1291,1
1292,670,1292,1,1292,38,1292,90,1292,1
1293,665,1293,1,1293,38,1293,94,1293,1
1294,667,1294,1,1294,38,1294,95,1294,1
1295,664,1295,1,1295,38,1295,94,1295,1
1296,658,1296,1,1296,38,1296,94,1296,1
1297,663,1297,1,1297,38,1297,93,1297,1
1298,660,1298,1,1298,38,1298,96,1298,1
1299,662,1299,1,1299,39,1299,98,1299,1
1300,661,1300,1,1300,39,1300,96,1300,1
1301,660,1301,1,1301,39,1301,96,1301,1
1302,663,1302,1,1302,39,1302,97,1302,1
1303,664,1303,1,1303,38,1303,98,1303,1
1304,658,1304,1,1304,37,1304,98,1304,1
1305,658,1305,1,1305,37,1305,97,1305,1
1306,660,1306,1,1306,37,1306,98,1306,1
1307,663,1307,1,1307,37,1307,98,1307,1
1308,662,1308,1,1308,37,1308,98,1308,1
1309,663,1309,1,1309,37,1309,98,1309,1
1310,661,1310,1,1310,37,1310,98,1310,1
1311,662,1311,1,1311,37,1311,99,1311,1
1312,662,1312,1,1312,36,1312,100,1312,1
1313,664,1313,1,1313,35,1313,100,1313,1
1314,663,1314,1,1314,35,1314,100,1314,1
1315,662,1315,1,1315,35,1315,103,1315,1
1316,664,1316,1,1316,35,1316,102,1316,1
1317,660,1317,1,1317,35,1317,106,1317,1
1318,662,1318,1,1318,36,1318,106,1318,1
1319,660,1319,1,1319,36,1319,107,1319,1
1320,658,1320,1,1320,36,1320,107,1320,1
1321,661,1321,1,1321,36,1321,106,1321,1
1322,659,1322,1,1322,35,1322,108,1322,1
1323,656,1323,1,1323,35,1323,108,1323,1
1324,661,1324,1,1324,34,1324,110,1324,1
1325,662,1325,1,1325,35,1325,110,1325,1
1326,667,1326,1,1326,35,1326,110,1326,1
1327,666,1327,1,1327,33,1327,111,1327,1
1328,668,1328,1,1328,33,1328,111,1328,0
1329,662,1329,1,1329,33,1329,114,1329,0
1330,664,1330,1,1330,33,1330,114,1330,0
1331,664,1331,1,1331,33,1331,114,1331,0
1332,662,1332,1,1332,33,1332,113,1332,0
1333,663,1333,1,1333,33,1333,114,1333,0
1334,661,1334,1,1334,33,1334,113,1334,0
1335,657,1335,1,1335,33,1335,113,1335,0
1336,653,1336,1,1336,33,1336,112,1336,0
1337,655,1337,1,1337,33,1337,111,1337,0
1338,657,1338,1,1338,33,1338,110,1338,0
1339,652,1339,1,1339,33,1339,111,1339,0
1340,651,1340,1,1340,33,1340,112,1340,0
1341,650,1341,1,1341,33,1341,112,1341,0
1342,651,1342,1,1342,33,1342,113,1342,0
1343,654,1343,1,1343,32,1343,115,1343,0
1344,659,1344,1,1344,32,1344,113,1344,0
1345,659,1345,1,1345,31,1345,114,1345,0
1346,658,1346,1,1346,30,1346,118,1346,0
1347,659,1347,1,1347,30,1347,118,1347,0
1348,663,1348,1,1348,30,1348,117,1348,0
1349,661,1349,1,1349,30,1349,118,1349,0
1350,668,1350,1,1350,30,1350,116,1350,0
1351,669,1351,1,1351,30,1351,114,1351,0
1352,675,1352,1,1352,30,1352,114,1352,0
1353,673,1353,1,1353,30,1353,114,1353,0
1354,670,1354,1,1354,30,1354,114,1354,0
1355,670,1355,1,1355,30,1355,112,1355,0
1356,663,1356,1,1356,30,1356,112,1356,0
1357,667,1357,1,1357,30,1357,112,1357,0
1358,670,1358,1,1358,30,1358,111,1358,0
1359,669,1359,1,1359,29,1359,111,1359,0
1360,672,1360,1,1360,29,1360,109,1360,0
1361,673,1361,1,1361,28,1361,108,1361,0
1362,675,1362,1,1362,28,1362,109,1362,0
1363,671,1363,1,1363,28,1363,108,1363,0
1364,664,1364,1,1364,27,1364,107,1364,0
1365,661,1365,1,1365,27,1365,105,1365,0
1366,666,1366,1,1366,27,1366,105,1366,0
1367,672,1367,1,1367,27,1367,105,1367,0
1368,676,1368,1,1368,27,1368,105,1368,0
1369,677,1369,1,1369,27,1369,104,1369,0
1370,680,1370,1,1370,27,1370,103,1370,0
1371,679,1371,1,1371,27,1371,103,1371,0
1372,685,1372,1,1372,27,1372,102,1372,0
1373,689,1373,1,1373,27,1373,101,1373,0
1374,690,1374,1,1374,27,1374,100,1374,0
1375,689,1375,1,1375,27,1375,99,1375,0
1376,687,1376,1,1376,26,1376,100,1376,0
1377,681,1377,1,1377,26,1377,99,1377,0
1378,679,1378,1,1378,26,1378,99,1378,0
1379,678,1379,1,1379,26,1379,99,1379,0
1380,681,1380,1,1380,26,1380,98,1380,0
1381,684,1381,1,1381,26,1381,98,1381,0
1382,683,1382,1,1382,26,1382,98,1382,0
1383,683,1383,1,1383,26,1383,97,1383,0
1384,681,1384,1,1384,26,1384,97,1384,0
1385,678,1385,1,1385,26,1385,98,1385,0
1386,685,1386,1,1386,26,1386,98,1386,0
1387,684,1387,1,1387,25,1387,96,1387,0
1388,688,1388,1,1388,25,1388,97,1388,0
1389,685,1389,1,1389,25,1389,98,1389,0
1390,686,1390,1,1390,24,1390,100,1390,0
1391,684,1391,1,1391,24,1391,99,1391,0
1392,683,1392,1,1392,24,1392,95,1392,0
1393,683,1393,1,1393,24,1393,94,1393,0
1394,686,1394,1,1394,24,1394,93,1394,0
1395,683,1395,1,1395,24,1395,92,1395,0
1396,684,1396,1,1396,24,1396,92,1396,0
1397,686,1397,1,1397,23,1397,91,1397,0
1398,690,1398,1,1398,23,1398,91,1398,0
1399,693,1399,1,1399,23,1399,92,1399,0
1400,688,1400,1,1400,23,1400,92,1400,0
1401,693,1401,1,1401,23,1401,92,1401,0
1402,692,1402,1,1402,22,1402,91,1402,0
1403,693,1403,1,1403,22,1403,93,1403,0
1404,693,1404,1,1404,23,1404,92,1404,0
1405,692,1405,1,1405,23,1405,93,1405,0
1406,698,1406,1,1406,23,1406,92,1406,0
1407,699,1407,1,1407,23,1407,93,1407,0
1408,698,1408,1,1408,23,1408,92,1408,0
1409,699,1409,1,1409,22,1409,90,1409,0
1410,703,1410,1,1410,22,1410,91,1410,0
1411,701,1411,1,1411,22,1411,93,1411,0
1412,702,1412,1,1412,22,1412,93,1412,0
1413,697,1413,1,1413,22,1413,94,1413,0
1414,697,1414,1,1414,22,1414,95,1414,0
1415,700,1415,1,1415,23,1415,95,1415,0
1416,697,1416,1,1416,21,1416,95,1416,0
1417,696,1417,1,1417,21,1417,95,1417,0
1418,696,1418,1,1418,21,1418,96,1418,0
1419,693,1419,1,1419,21,1419,97,1419,0
1420,691,1420,1,1420,21,1420,98,1420,0
1421,691,1421,1,1421,21,1421,97,1421,0
1422,689,1422,1,1422,22,1422,98,1422,0
1423,691,1423,1,1423,22,1423,100,1423,0
1424,693,1424,1,1424,22,1424,100,1424,0
1425,694,1425,1,1425,22,1425,100,1425,0
1426,694,1426,1,1426,23,1426,101,1426,0
1427,688,1427,0,1427,23,1427,100,1427,0
1428,687,1428,0,1428,22,1428,98,1428,0
1429,685,1429,0,1429,22,1429,98,1429,0
1430,683,1430,0,1430,21,1430,99,1430,0
1431,688,1431,0,1431,21,1431,98,1431,0
1432,682,1432,0,1432,21,1432,100,1432,0
1433,681,1433,0,1433,21,1433,100,1433,0
1434,683,1434,0,1434,21,1434,100,1434,0
1435,681,1435,0,1435,21,1435,101,1435,0
1436,684,1436,0,1436,21,1436,99,1436,0
1437,677,1437,0,1437,21,1437,98,1437,0
1438,682,1438,0,1438,20,1438,99,1438,0
1439,679,1439,0,1439,19,1439,97,1439,0
1440,674,1440,0,1440,19,1440,98,1440,0
1441,675,1441,0,1441,19,1441,98,1441,0
1442,683,1442,0,1442,18,1442,98,1442,0
1443,684,1443,0,1443,18,1443,98,1443,0
1444,687,1444,0,1444,19,1444,99,1444,0
1445,688,1445,0,1445,19,1445,98,1445,0
1446,692,1446,0,1446,19,1446,98,1446,0
1447,691,1447,0,1447,19,1447,98,1447,0
1448,692,1448,0,1448,19,1448,99,1448,0
1449,693,1449,0,1449,19,1449,98,1449,0
1450,691,1450,0,1450,19,1450,98,1450,0
1451,693,1451,0,1451,19,1451,99,1451,0
1452,697,1452,0,1452,19,1452,97,1452,0
1453,696,1453,0,1453,19,1453,97,1453,0
1454,695,1454,0,1454,18,1454,96,1454,0
1455,695,1455,0,1455,17,1455,96,1455,0
1456,699,1456,0,1456,17,1456,96,1456,0
1457,703,1457,0,1457,17,1457,96,1457,0
1458,703,1458,0,1458,17,1458,96,1458,0
1459,701,1459,0,1459,17,1459,94,1459,0
1460,701,1460,0,1460,17,1460,94,1460,0
1461,695,1461,0,1461,17,1461,95,1461,0
1462,686,1462,0,1462,17,1462,96,1462,0
1463,687,1463,0,1463,17,1463,95,1463,0
1464,683,1464,0,1464,16,1464,94,1464,0
1465,682,1465,0,1465,16,1465,95,1465,0
1466,681,1466,0,1466,16,1466,96,1466,0
1467,681,1467,0,1467,16,1467,97,1467,0
1468,683,1468,0,1468,16,1468,99,1468,0
1469,683,1469,0,1469,16,1469,98,1469,0
1470,683,1470,0,1470,16,1470,99,1470,0
1471,681,1471,0,1471,16,1471,100,1471,0
1472,680,1472,0,1472,15,1472,100,1472,0
1473,682,1473,0,1473,15,1473,101,1473,0
1474,679,1474,0,1474,15,1474,101,1474,0
1475,681,1475,0,1475,15,1475,102,1475,0
1476,680,1476,0,1476,15,1476,103,1476,0
1477,682,1477,0,1477,15,1477,102,1477,0
1478,683,1478,0,1478,14,1478,102,1478,0
1479,681,1479,0,1479,14,1479,103,1479,0
1480,682,1480,0,1480,14,1480,101,1480,0
1481,680,1481,0,1481,14,1481,101,1481,0
1482,677,1482,0,1482,14,1482,101,1482,0
1483,677,1483,0,1483,14,1483,100,1483,0
1484,679,1484,0,1484,14,1484,99,1484,0
1485,681,1485,0,1485,14,1485,97,1485,0
1486,679,1486,0,1486,14,1486,96,1486,0
1487,677,1487,0,1487,14,1487,95,1487,0
1488,679,1488,0,1488,14,1488,95,1488,0
1489,682,1489,0,1489,13,1489,97,1489,0
1490,679,1490,0,1490,13,1490,95,1490,0
1491,681,1491,0,1491,13,1491,95,1491,0
1492,684,1492,0,1492,13,1492,95,1492,0
1493,687,1493,0,1493,13,1493,94,1493,0
1494,690,1494,0,1494,13,1494,94,1494,0
1495,685,1495,0,1495,13,1495,95,1495,0
1496,683,1496,0,1496,13,1496,95,1496,0
1497,681,1497,0,1497,13,1497,95,1497,0
1498,685,1498,0,1498,13,1498,94,1498,0
1499,685,1499,0,1499,13,1499,93,1499,0
1500,685,1500,0,1500,13,1500,92,1500,0
